label,timestamp,lineage,run_dir,reward_weight_count
R1,2026-06-29 21:39:53,v4,logs/rsl_rl/kbot_forward_flat/2026-06-29_21-39-53_v4_auto_from_2026_06_29_21_14_52_v4_auto_from_2026_06_29_17_50_22_v4_auto_from_v32m200_m200_t_m500_to_800_save25_20260629,62
R2,2026-06-29 21:14:52,v4,logs/rsl_rl/kbot_forward_flat/2026-06-29_21-14-52_v4_auto_from_2026_06_29_17_50_22_v4_auto_from_v32m200_m200_to_300_save25_20260629_m300_m300_to_500_save25_20260629,62
R3,2026-06-29 17:50:22,v4,logs/rsl_rl/kbot_forward_flat/2026-06-29_17-50-22_v4_auto_from_v32m200_m200_to_300_save25_20260629,62
R4,2026-06-29 16:49:14,v4,logs/rsl_rl/kbot_forward_flat/2026-06-29_16-49-14_v4_auto_from_2026_06_29_15_40_46_v4_auto_from_2026_06_28_18_15_15_v4_top4_decim2_10000cfg_fro_m500_to_800_save25_20260629,62
R5,2026-06-29 15:40:46,v4,logs/rsl_rl/kbot_forward_flat/2026-06-29_15-40-46_v4_auto_from_2026_06_28_18_15_15_v4_top4_decim2_10000cfg_from_v32m200_to_300_save25_20260628__m300_to_500_save25_20260629,62
R6,2026-06-28 18:15:15,v4,logs/rsl_rl/kbot_forward_flat/2026-06-28_18-15-15_v4_top4_decim2_10000cfg_from_v32m200_to_300_save25_20260628,62
R7,2026-06-27 08:33:22,v4,logs/rsl_rl/kbot_forward_flat/2026-06-27_08-33-22_v4_cadence005_from_v32m200_to_300_save25_20260627,63
R8,2026-06-27 08:24:23,v4,logs/rsl_rl/kbot_forward_flat/2026-06-27_08-24-23_v4_cadence02_from_v32m200_to_300_save25_20260627,63
R9,2026-06-27 08:07:51,v4,logs/rsl_rl/kbot_forward_flat/2026-06-27_08-07-51_v4_precycle_penalty_debounce04_from_v32m200_to_300_save25_20260627,62
R10,2026-06-27 07:59:16,v4,logs/rsl_rl/kbot_forward_flat/2026-06-27_07-59-16_v4_precycle_penalty_debounce01_from_v32m200_to_300_save25_20260627,62
R11,2026-06-27 07:47:36,v4,logs/rsl_rl/kbot_forward_flat/2026-06-27_07-47-36_v4_precycle_penalty_debounce01_from_m10000_to_10200_save25_20260627,62
R12,2026-06-27 04:37:01,v4,logs/rsl_rl/kbot_forward_flat/2026-06-27_04-37-01_v4_top4_decim2_phase_latched_precycle0_from_m5000_to_10000_save25_20260627,62
R13,2026-06-27 03:03:33,v4,logs/rsl_rl/kbot_forward_flat/2026-06-27_03-03-33_v4_top4_decim2_phase_latched_precycle0_from_m2500_to_5000_save25_20260627,62
R14,2026-06-27 02:13:02,v4,logs/rsl_rl/kbot_forward_flat/2026-06-27_02-13-02_v4_top4_decim2_phase_latched_precycle0_from_m1200_to_2500_save25_20260627,62
R15,2026-06-27 01:54:46,v4,logs/rsl_rl/kbot_forward_flat/2026-06-27_01-54-46_v4_top4_decim2_phase_latched_precycle0_from_m800_to_1200_save25_20260627,62
R16,2026-06-27 01:40:00,v4,logs/rsl_rl/kbot_forward_flat/2026-06-27_01-40-00_v4_top4_decim2_phase_latched_precycle0_from_m500_to_800_save25_20260627,62
R17,2026-06-27 01:33:28,v4,logs/rsl_rl/kbot_forward_flat/2026-06-27_01-33-28_v4_top4_decim2_phase_latched_precycle0_from_m450_to_500_save25_20260627,62
R18,2026-06-27 01:22:49,v4,logs/rsl_rl/kbot_forward_flat/2026-06-27_01-22-49_v4_top4_decim2_phase_latched_precycle0_from_m300_to_800_save25_20260627,62
R19,2026-06-27 01:04:35,v4,logs/rsl_rl/kbot_forward_flat/2026-06-27_01-04-35_v4_top4_decim2_phase_latched_precycle0_from_v32m200_to_300_save25_20260627,62
R20,2026-06-27 00:41:17,v4,logs/rsl_rl/kbot_forward_flat/2026-06-27_00-41-17_v4_phase_latched_support50_precycle0_from_plantguard_m800_to_810_20260627,62
R21,2026-06-27 00:20:48,v4,logs/rsl_rl/kbot_forward_flat/2026-06-27_00-20-48_v4_phase_latched_support50_from_plantguard_m800_to_810_20260627,62
R22,2026-06-27 00:07:46,v4,logs/rsl_rl/kbot_forward_flat/2026-06-27_00-07-46_v4_phase_latched_support_from_plantguard_m800_10it_20260627,62
R23,2026-06-26 23:36:16,,logs/rsl_rl/kbot_forward_flat/2026-06-26_23-36-16,62
R24,2026-06-26 23:28:34,v4,logs/rsl_rl/kbot_forward_flat/2026-06-26_23-28-34_v4_top4_decim2_plant5_support25_clear200_swing20_zero_to_200_save25_20260627,62
R25,2026-06-26 23:27:34,v4,logs/rsl_rl/kbot_forward_flat/2026-06-26_23-27-34_v4_top4_decim2_plant5_support25_clear200_swing40_zero_to_200_save25_20260627,62
R26,2026-06-26 22:59:44,v4,logs/rsl_rl/kbot_forward_flat/2026-06-26_22-59-44_v4_top4_decim2_plant5_support25_clear200_swing40_from_m300_to_800_save25_20260627,62
R27,2026-06-26 22:38:20,v4,logs/rsl_rl/kbot_forward_flat/2026-06-26_22-38-20_v4_top4_decim2_plant5_support25_clear200_swing40_from_v32m200_to_300_save25_20260627,62
R28,2026-06-26 21:34:25,v4,logs/rsl_rl/kbot_forward_flat/2026-06-26_21-34-25_v4_top4_decim2_plant50_support25_clear200_swing40_from_v32m200_to_300_save25_20260626,62
R29,2026-06-26 19:51:58,v4,logs/rsl_rl/kbot_forward_flat/2026-06-26_19-51-58_v4_top4_decim2_plant50_support25_clear200_from_v32m200_to_300_save25_20260626,62
R30,2026-06-25 12:40:54,v4,logs/rsl_rl/kbot_forward_flat/2026-06-25_12-40-54_v4_top4_decim2_plantguard_from_m300_to_800_save25_20260625,62
R31,2026-06-25 12:39:34,v4,logs/rsl_rl/kbot_forward_flat/2026-06-25_12-39-34_v4_top4_decim2_plantguard_from_m300_to_800_save25_20260625,62
R32,2026-06-25 12:37:38,v4,logs/rsl_rl/kbot_forward_flat/2026-06-25_12-37-38_v4_top4_decim2_plantguard_from_m300_to_800_20260625,62
R33,2026-06-25 12:23:43,v4,logs/rsl_rl/kbot_forward_flat/2026-06-25_12-23-43_v4_top4_decim2_plantguard_from_v32m200_to_300_20260625,62
R34,2026-06-23 23:10:24,v4,logs/rsl_rl/kbot_forward_flat/2026-06-23_23-10-24_v4_top4_decim2_support50_supportpen10_clear20_plant25_from_v32m200_to_300_20260623,62
R35,2026-06-23 20:31:30,v4,logs/rsl_rl/kbot_forward_flat/2026-06-23_20-31-30_v4_top4_decim2_support50_clear20_plant25_densefoot20_from_m300_to_800_20260623,62
R36,2026-06-23 20:00:26,v4,logs/rsl_rl/kbot_forward_flat/2026-06-23_20-00-26_v4_top4_decim2_support50_clear20_plant25_from_v32m200_to_300_rerun_20260623,62
R37,2026-06-23 19:28:24,v4,logs/rsl_rl/kbot_forward_flat/2026-06-23_19-28-24_v4_top4_decim2_support50_clear20_plant25_from_v32m200_to_300_save25_20260623,62
R38,2026-06-23 18:22:04,v4,logs/rsl_rl/kbot_forward_flat/2026-06-23_18-22-04_v4_top4_conservative_decim2_from_v32m200_to_300_save25_20260623,62
R39,2026-06-23 17:21:47,v4,logs/rsl_rl/kbot_forward_flat/2026-06-23_17-21-47_v4_decim2_gait_quality_from_v32m200_to_300_save25_20260623,62
R40,2026-06-23 15:48:14,v3.2,logs/rsl_rl/kbot_forward_flat/2026-06-23_15-48-14_v3_2_may31_top4_stage2_4096envs_from_200_to_300_save25_20260623,63
R41,2026-06-23 15:42:59,v3.2,logs/rsl_rl/kbot_forward_flat/2026-06-23_15-42-59_v3_2_may31_top4_4096envs_zero_to_200_save25_20260623,63
R42,2026-06-23 15:13:25,v4.0,logs/rsl_rl/kbot_forward_flat/2026-06-23_15-13-25_v4_0_top4_no_altphase_support25_clear100_4096envs_from_fresh100_to_300_save25_20260623,62
R43,2026-06-23 14:59:36,v4.0,logs/rsl_rl/kbot_forward_flat/2026-06-23_14-59-36_v4_0_top4_no_altphase_support25_clear100_4096envs_from_fresh200_to_300_save25_20260623,62
R44,2026-06-22 19:57:27,v4.0,logs/rsl_rl/kbot_forward_flat/2026-06-22_19-57-27_v4_0_top4_no_altphase_4096envs_from_fresh200_to_300_save25_20260622,62
R45,2026-06-22 19:30:05,v4.0,logs/rsl_rl/kbot_forward_flat/2026-06-22_19-30-05_v4_0_top4_may31_rebalance_4096envs_from_fresh200_to_300_save25_20260622,63
R46,2026-06-22 18:57:49,v4.0,logs/rsl_rl/kbot_forward_flat/2026-06-22_18-57-49_v4_0_top4_may31_rebalance_4096envs_zero_to_200_save25_rerun_fall_exploit_check_20260622,63
R47,2026-06-22 18:39:07,v4.0,logs/rsl_rl/kbot_forward_flat/2026-06-22_18-39-07_v4_0_top4_may31_rebalance_4096envs_from_rerun100_to_200_save25_20260622,63
R48,2026-06-22 18:16:49,v4.0,logs/rsl_rl/kbot_forward_flat/2026-06-22_18-16-49_v4_0_top4_may31_rebalance_4096envs_zero_to_100_save25_rerun_compare_20260622,63
R49,2026-06-22 15:07:27,v4.0,logs/rsl_rl/kbot_forward_flat/2026-06-22_15-07-27_v4_0_top4_may31_rebalance_4096envs_from_100_to_300_save25_20260622,63
R50,2026-06-22 14:48:50,v4.0,logs/rsl_rl/kbot_forward_flat/2026-06-22_14-48-50_v4_0_top4_may31_rebalance_4096envs_zero_to_100_save25_20260622,63
R51,2026-06-22 14:45:07,v4.0,logs/rsl_rl/kbot_forward_flat/2026-06-22_14-45-07_v4_0_top4_may31_rebalance_aborted_at21_20260622,63
R52,2026-06-22 12:28:34,v4,logs/rsl_rl/kbot_forward_flat/2026-06-22_12-28-34_v4_top4_soletrack_4096envs_from_100_to_300_save25_20260622,63
R53,2026-06-22 11:47:18,v4,logs/rsl_rl/kbot_forward_flat/2026-06-22_11-47-18_v4_top4_soletrack_4096envs_zero_to_100_20260622,63
R54,2026-06-19 15:19:33,v4,logs/rsl_rl/kbot_forward_flat/2026-06-19_15-19-33_v4_top4_starter_implicit_4096envs_zero_to_100_20260619,63
R55,2026-06-19 14:52:40,v4,logs/rsl_rl/kbot_forward_flat/2026-06-19_14-52-40_v4_top4_starter_explicit_4096envs_zero_to_100_20260619,63
R56,2026-06-06 03:03:49,v3.1,logs/rsl_rl/kbot_forward_flat/2026-06-06_03-03-49_v3_1_cyclic_4096envs_from_zero_to_100_save25_20260606,63
R57,2026-06-06 01:35:47,v3,logs/rsl_rl/kbot_forward_flat/2026-06-06_01-35-47_v3_gaitcycle_phaseobs_4096envs_from_20260531_211435_m300_to_800_save25_20260606,63
R58,2026-06-04 22:25:24,v3,logs/rsl_rl/kbot_forward_flat/2026-06-04_22-25-24_v3_vclip15_swing40_target100_term3000_4096envs_from_20260604_220400_m800_to_2000_save25_20260605,61
R59,2026-06-04 22:04:00,v3,logs/rsl_rl/kbot_forward_flat/2026-06-04_22-04-00_v3_vclip15_swing40_target100_term3000_4096envs_from_20260531_211435_m300_to_800_save25_20260605,61
R60,2026-06-04 21:37:40,v3,logs/rsl_rl/kbot_forward_flat/2026-06-04_21-37-40_v3_vclip30_swing40_target100_term3000_4096envs_from_20260531_211435_m300_to_800_save25_20260604,61
R61,2026-06-04 09:18:59,v3,logs/rsl_rl/kbot_forward_flat/2026-06-04_09-18-59_v3_weights_vclip15_swing40_target500_4096envs_from_20260604_090558_m799_to_800_materialize,61
R62,2026-06-04 09:05:58,v3,logs/rsl_rl/kbot_forward_flat/2026-06-04_09-05-58_v3_weights_vclip15_swing40_target500_4096envs_from_20260531_211435_m300_to_800_save25_20260604,61
R63,2026-06-04 08:54:09,v3,logs/rsl_rl/kbot_forward_flat/2026-06-04_08-54-09_v3_swing_speed_track_w8_4096envs_from_20260604_084028_m799_to_800_materialize,61
R64,2026-06-04 08:40:28,v3,logs/rsl_rl/kbot_forward_flat/2026-06-04_08-40-28_v3_swing_speed_track_w8_4096envs_from_20260531_211435_m300_to_800_save25_20260604,61
R65,2026-06-04 08:26:50,v3,logs/rsl_rl/kbot_forward_flat/2026-06-04_08-26-50_v3_swingsoletrack_w8_4096envs_from_20260531_211435_m300_to_800_save25_20260604,62
R66,2026-06-04 08:23:07,,logs/rsl_rl/kbot_forward_flat/2026-06-04_08-23-07_reward_runtime_check_swing_sole_track_20260604,62
R67,2026-06-04 08:07:30,,logs/rsl_rl/kbot_forward_flat/2026-06-04_08-07-30_reward_signature_check_dense_swing_speed_20260604,61
R68,2026-06-04 06:08:03,v3,logs/rsl_rl/kbot_forward_flat/2026-06-04_06-08-03_v3_speed0_sagfirsthalf_4096envs_m799_to_800_materialize_20260604,61
R69,2026-06-04 05:54:10,v3,logs/rsl_rl/kbot_forward_flat/2026-06-04_05-54-10_v3_speed0_sagfirsthalf_4096envs_from_20260531_211435_m300_to_800_save25_corrected_20260604,61
R70,2026-06-04 05:52:25,v3,logs/rsl_rl/kbot_forward_flat/2026-06-04_05-52-25_v3_speed0_sagfirsthalf_4096envs_from_20260531_211435_m300_to_800_save25_20260604,61
R71,2026-06-04 05:07:35,v3,logs/rsl_rl/kbot_forward_flat/2026-06-04_05-07-35_v3_foot_retreat_fixed_w300_linear1_4096envs_from_20260531_211435_m300_to_800_save25_20260604,61
R72,2026-06-04 04:29:03,v3,logs/rsl_rl/kbot_forward_flat/2026-06-04_04-29-03_v3_dense_target_linear1_w300_4096envs_from_20260531_211435_m300_to_800_save25_20260604,61
R73,2026-06-04 03:28:44,v3,logs/rsl_rl/kbot_forward_flat/2026-06-04_03-28-44_v3_dense_target_linear_4096envs_from_20260531_211435_m300_to_800_save25_20260604,61
R74,2026-06-04 03:26:39,v3,logs/rsl_rl/kbot_forward_flat/2026-06-04_03-26-39_v3_dense_target_linear_4096envs_from_m575_to_800_save25_20260604,61
R75,2026-06-04 03:21:48,v3,logs/rsl_rl/kbot_forward_flat/2026-06-04_03-21-48_v3_dense_target_linear_from_20260531_211435_m300_to_800_save25_20260604,61
R76,2026-06-04 01:33:56,v3,logs/rsl_rl/kbot_forward_flat/2026-06-04_01-33-56_v3_dense_target_location_m799_to_800_20260604,61
R77,2026-06-04 01:20:16,v3,logs/rsl_rl/kbot_forward_flat/2026-06-04_01-20-16_v3_dense_target_location_from_300_to_800_save25_corrected_20260604,61
R78,2026-06-04 01:15:49,v3,logs/rsl_rl/kbot_forward_flat/2026-06-04_01-15-49_v3_dense_target_location_from_300_to_800_save25_20260604,61
R79,2026-06-03 23:41:50,v3,logs/rsl_rl/kbot_forward_flat/2026-06-03_23-41-50_v3_m800_to_2000_overclearance020_repeat_from_232317_20260603,59
R80,2026-06-03 23:23:17,v3,logs/rsl_rl/kbot_forward_flat/2026-06-03_23-23-17_v3_m300_to_800_overclearance020_repeat_from_211435_20260603,59
R81,2026-06-03 22:44:16,v3,logs/rsl_rl/kbot_forward_flat/2026-06-03_22-44-16_v3_m300_to_800_overclearance020_from_211435_20260603,59
R82,2026-06-03 22:08:46,v3,logs/rsl_rl/kbot_forward_flat/2026-06-03_22-08-46_v3_m2100_to_2500_from_215644_lowbody065_repeat_20260603,59
R83,2026-06-03 21:56:44,v3,logs/rsl_rl/kbot_forward_flat/2026-06-03_21-56-44_v3_m2000_to_2100_from_185253_lowbody065_repeat_20260603,59
R84,2026-06-03 21:20:34,v3,logs/rsl_rl/kbot_forward_flat/2026-06-03_21-20-34_v3_m2100_to_2500_from_210633_lowbody065_20260603,59
R85,2026-06-03 21:06:33,v3,logs/rsl_rl/kbot_forward_flat/2026-06-03_21-06-33_v3_m2000_to_2100_from_185253_lowbody065_20260603,59
R86,2026-06-03 20:18:22,v3,logs/rsl_rl/kbot_forward_flat/2026-06-03_20-18-22_v3_m800_to_2000_lowbody065_20260603,59
R87,2026-06-03 19:58:55,v3,logs/rsl_rl/kbot_forward_flat/2026-06-03_19-58-55_v3_m300_to_800_lowbody065_20260603,59
R88,2026-06-03 18:52:53,v3,logs/rsl_rl/kbot_forward_flat/2026-06-03_18-52-53_v3_m800_to_2000_save25_repeat_20260603,59
R89,2026-06-03 17:55:02,v3,logs/rsl_rl/kbot_forward_flat/2026-06-03_17-55-02_v3_m300_to_800_save25_repeat_20260603,59
R90,2026-06-03 04:15:15,v3,logs/rsl_rl/kbot_forward_flat/2026-06-03_04-15-15_v3_adaptive_cycle_ema_from_20260531_211435_m300_to_800_save25_corrected_20260603,59
R91,2026-06-03 03:52:11,v3,logs/rsl_rl/kbot_forward_flat/2026-06-03_03-52-11_v3_adaptive_cycle_ema_from_20260531_211435_m300_to_800_save25_20260603,59
R92,2026-06-03 00:31:50,v3,logs/rsl_rl/kbot_forward_flat/2026-06-03_00-31-50_v3_dense_swing_step_calibrated_from_20260531_211435_m300_to_800_save25_20260603,59
R93,2026-06-03 00:16:27,v3,logs/rsl_rl/kbot_forward_flat/2026-06-03_00-16-27_v3_dense_swing_step_shape_progress_from_20260531_211435_m300_to_800_save25_20260603,59
R94,2026-06-02 22:20:11,v3,logs/rsl_rl/kbot_forward_flat/2026-06-02_22-20-11_v3_ygate_reverted_headingtight_from_20260531_211435_m300_to_800_save25_20260603,57
R95,2026-06-02 05:00:34,v3,logs/rsl_rl/kbot_forward_flat/2026-06-02_05-00-34_v3_tight_gauss_from_20260531_211435_m300_to_800_save25_20260602,57
R96,2026-06-02 04:10:47,v3,logs/rsl_rl/kbot_forward_flat/2026-06-02_04-10-47_v3_centerline_heading_gate_continue_m800_to_2000_save25_20260602,57
R97,2026-06-02 03:04:18,v3,logs/rsl_rl/kbot_forward_flat/2026-06-02_03-04-18_v3_speed075_step060_centerline_heading_gate_from_20260531_211435_m300_to_800_save25_20260602,57
R98,2026-06-02 02:26:42,v3,logs/rsl_rl/kbot_forward_flat/2026-06-02_02-26-42_v3_speed075_step060_centerlinegate_from_20260531_211435_m300_to_800_save25_20260602,57
R99,2026-06-02 01:31:06,v3,logs/rsl_rl/kbot_forward_flat/2026-06-02_01-31-06_v3_speed075_step060_rootlat2000_repeat_from_20260531_211435_m300_to_800_save25_20260602,57
R100,2026-06-02 00:57:21,v3,logs/rsl_rl/kbot_forward_flat/2026-06-02_00-57-21_v3_speed075_step060_rootlat2000_from_20260531_211435_m300_to_800_save25_20260602,57
R101,2026-06-02 00:35:08,v3,logs/rsl_rl/kbot_forward_flat/2026-06-02_00-35-08_v3_speed075_step060_tuned_from_20260531_211435_m300_to_800_save25_20260602,57
R102,2026-06-02 00:06:13,v3,logs/rsl_rl/kbot_forward_flat/2026-06-02_00-06-13_v3_speed075_step060_from_20260531_211435_m300_to_800_save25_20260602,57
R103,2026-06-01 17:19:27,v3,logs/rsl_rl/kbot_forward_flat/2026-06-01_17-19-27_v3_speed075_step060_footparallel_m30_from_20260531_211435_m300_to_800_save25,57
R104,2026-06-01 03:16:53,v3,logs/rsl_rl/kbot_forward_flat/2026-06-01_03-16-53_v3_speed075_step060_tilt_sym_from_m800_to_2000_save25,57
R105,2026-06-01 02:53:51,v3,logs/rsl_rl/kbot_forward_flat/2026-06-01_02-53-51_v3_speed075_step060_tilt_sym_from_20260531_211435_m300_to_800_save25,57
R106,2026-06-01 01:52:31,v3,logs/rsl_rl/kbot_forward_flat/2026-06-01_01-52-31_v3_speed075_step060_w100_from_20260531_211435_m300_to_800_save25,54
R107,2026-06-01 01:44:55,v3,logs/rsl_rl/kbot_forward_flat/2026-06-01_01-44-55_v3_speed075_step060_w100_no_mirror_halffwd_ycenter_from_latest300_to_800_save25,54
R108,2026-06-01 01:13:17,v3,logs/rsl_rl/kbot_forward_flat/2026-06-01_01-13-17_v3_speed075_step060_w100_no_mirror_halffwd_ycenter_from_400_to_800_save25,54
R109,2026-06-01 00:55:59,v3,logs/rsl_rl/kbot_forward_flat/2026-06-01_00-55-59_v3_speed075_step060_w100_no_mirror_halffwd_ycenter_from_latest300_to_400_save25,54
R110,2026-06-01 00:01:38,v3,logs/rsl_rl/kbot_forward_flat/2026-06-01_00-01-38_v3_speed075_step060_clearance_overtake030_w100_no_mirror_from_400_to_500_save25,53
R111,2026-05-31 23:36:13,v3,logs/rsl_rl/kbot_forward_flat/2026-05-31_23-36-13_v3_speed075_step060_clearance_overtake030_w100_no_mirror_latest300_213215_to_400_save25,53
R112,2026-05-31 23:31:21,v3,logs/rsl_rl/kbot_forward_flat/2026-05-31_23-31-21_v3_speed075_step060_clearance_overtake030_w100_no_mirror_from_300_to_400_save25,53
R113,2026-05-31 21:32:15,v3,logs/rsl_rl/kbot_forward_flat/2026-05-31_21-32-15_v3_speed075_step060_clearance_overtake030_w100_continue_300_to_400_save25,54
R114,2026-05-31 21:14:35,v3,logs/rsl_rl/kbot_forward_flat/2026-05-31_21-14-35_v3_speed075_step060_clearance_overtake030_w100_from_200_to_300_save25,54
R115,2026-05-31 20:51:08,v3,logs/rsl_rl/kbot_forward_flat/2026-05-31_20-51-08_v3_speed075_step060_clearance_overtake030_from_200_to_300_save25,54
R116,2026-05-31 18:35:27,v3,logs/rsl_rl/kbot_forward_flat/2026-05-31_18-35-27_v3_speed075_step060_incremental_clearance_from_200_to_300_save25,54
R117,2026-05-31 03:56:23,v3,logs/rsl_rl/kbot_forward_flat/2026-05-31_03-56-23_v3_speed075_step060_upright_gate_oldfloors_continue_100_to_200_save25,53
R118,2026-05-31 03:42:10,v3,logs/rsl_rl/kbot_forward_flat/2026-05-31_03-42-10_v3_speed075_step060_upright_gate_oldfloors_repeat_from_zero_100iter,53
R119,2026-05-31 03:19:55,v3,logs/rsl_rl/kbot_forward_flat/2026-05-31_03-19-55_v3_speed075_step060_upright_gate_oldfloors_from_zero_100iter,53
R120,2026-05-31 03:04:11,v3,logs/rsl_rl/kbot_forward_flat/2026-05-31_03-04-11_v3_speed075_step060_upright_forward_gate_from_zero_100iter,53
R121,2026-05-31 03:03:15,v3,logs/rsl_rl/kbot_forward_flat/2026-05-31_03-03-15_v3_upright_forward_gate_startup_check,53
R122,2026-05-31 02:43:45,v3,logs/rsl_rl/kbot_forward_flat/2026-05-31_02-43-45_v3_speed075_step060_denseforward_repeat_from_zero_50iter,53
R123,2026-05-31 02:33:34,v3,logs/rsl_rl/kbot_forward_flat/2026-05-31_02-33-34_v3_speed075_step060_denseforward_from_zero_50iter,53
R124,2026-05-31 02:07:06,v3,logs/rsl_rl/kbot_forward_flat/2026-05-31_02-07-06_v3_speed075_step060_from_zero_50iter,53
R125,2026-05-30 21:21:23,v3,logs/rsl_rl/kbot_forward_flat/2026-05-30_21-21-23_v3_648handtuned_footflat0_from_zero_100iter,53
R126,2026-05-19 17:22:33,v2.5,logs/rsl_rl/kbot_forward_flat/2026-05-19_17-22-33_v2_5_s4_2_valid008_dense12_from_648,59
R127,2026-05-19 14:51:24,v1,logs/rsl_rl/kbot_forward_flat/2026-05-19_14-51-24_v1_hybrid_width_lane_continue_from_11850,44
R128,2026-05-19 14:21:50,v1,logs/rsl_rl/kbot_forward_flat/2026-05-19_14-21-50_v1_hybrid_width_lane_from_11791,44
R129,2026-05-16 02:39:02,v1,logs/rsl_rl/kbot_forward_flat/2026-05-16_02-39-02_v1_best_11791_s4_2_chatter_only,59
R130,2026-05-15 16:51:22,v2.5,logs/rsl_rl/kbot_forward_flat/2026-05-15_16-51-22_v2_5_s4_2_apv_dominant_from_648,59
R131,2026-05-15 16:47:01,v2.5,logs/rsl_rl/kbot_forward_flat/2026-05-15_16-47-01_v2_5_s4_2_apv_gate_75hz_from_648,59
R132,2026-05-15 16:42:06,v2.5,logs/rsl_rl/kbot_forward_flat/2026-05-15_16-42-06_v2_5_s4_2_apv_gate_recover_from_648,59
R133,2026-05-15 16:03:47,v2.5,logs/rsl_rl/kbot_forward_flat/2026-05-15_16-03-47_v2_5_s4_2_chatter_from_648,59
R134,2026-05-15 15:34:16,v2.5,logs/rsl_rl/kbot_forward_flat/2026-05-15_15-34-16_v2_5_step_gate_007_policyonly_from_964,59
R135,2026-05-15 14:36:39,v2.5,logs/rsl_rl/kbot_forward_flat/2026-05-15_14-36-39_v2_5_step_gate_007_normal_continue_from_964,59
R136,2026-05-15 14:30:16,v2.5,logs/rsl_rl/kbot_forward_flat/2026-05-15_14-30-16_v2_5_step_gate_007_normal_continue_from_885,59
R137,2026-05-15 09:08:45,v2.5,logs/rsl_rl/kbot_forward_flat/2026-05-15_09-08-45_v2_5_step_gate_007_2x_speed_from_885,59
R138,2026-05-15 08:43:54,v2.5,logs/rsl_rl/kbot_forward_flat/2026-05-15_08-43-54_v2_5_step_gate_007_from_806,59
R139,2026-05-15 08:40:57,v2.5,logs/rsl_rl/kbot_forward_flat/2026-05-15_08-40-57_v2_5_step_gate_008_continue_from_885,59
R140,2026-05-15 08:35:27,v2.5,logs/rsl_rl/kbot_forward_flat/2026-05-15_08-35-27_v2_5_step_gate_008_from_806,59
R141,2026-05-15 08:03:23,v2.5,logs/rsl_rl/kbot_forward_flat/2026-05-15_08-03-23_v2_5_step_gate_006_from_relaxed_727,59
R142,2026-05-15 07:04:37,v2.5,logs/rsl_rl/kbot_forward_flat/2026-05-15_07-04-37_v2_5_relaxed_step_gate_from_648,59
R143,2026-05-15 07:03:31,v2.5,logs/rsl_rl/kbot_forward_flat/2026-05-15_07-03-31_v2_5_relaxed_step_gate_from_648,59
R144,2026-05-15 06:21:49,v2.5,logs/rsl_rl/kbot_forward_flat/2026-05-15_06-21-49_v2_5_dense_step_w6_margin_w8_from_648,59
R145,2026-05-15 06:17:36,v2.5,logs/rsl_rl/kbot_forward_flat/2026-05-15_06-17-36_v2_5_dense_step_w3_margin_w4_from_648,59
R146,2026-05-15 06:13:35,v2.5,logs/rsl_rl/kbot_forward_flat/2026-05-15_06-13-35_v2_5_dense_step_w1_margin_w2_from_648,59
R147,2026-05-10 05:44:01,v2.5,logs/rsl_rl/kbot_forward_flat/2026-05-10_05-44-01_v2_5_step_margin_short_penalty_from_648,58
R148,2026-05-10 05:36:30,v2.5,logs/rsl_rl/kbot_forward_flat/2026-05-10_05-36-30_v2_5_step_margin_from_648,58
R149,2026-05-09 12:01:59,v2.5,logs/rsl_rl/kbot_forward_flat/2026-05-09_12-01-59_v2_5_walk_only_smooth_strict_actionrate_from_648,57
R150,2026-05-09 11:57:49,v2.5,logs/rsl_rl/kbot_forward_flat/2026-05-09_11-57-49_v2_5_walk_only_smooth_strict_from_648,57
R151,2026-05-09 11:52:33,v2.5,logs/rsl_rl/kbot_forward_flat/2026-05-09_11-52-33_v2_5_walk_only_strict_cadence_from_648,57
R152,2026-05-09 11:45:56,v2.5,logs/rsl_rl/kbot_forward_flat/2026-05-09_11-45-56_v2_5_walk_only_supported_advance_from_648,57
R153,2026-05-09 03:00:21,v2.5,logs/rsl_rl/kbot_forward_flat/2026-05-09_03-00-21_v2_5_walk_only_contact_quality_from_648_retry,56
R154,2026-05-09 02:36:29,v2.5,logs/rsl_rl/kbot_forward_flat/2026-05-09_02-36-29_v2_5_walk_only_contact_quality_from_648,56
R155,2026-05-09 01:21:36,v2.5,logs/rsl_rl/kbot_forward_flat/2026-05-09_01-21-36_v2_5_gait_quality_continue_from_947,53
R156,2026-05-09 01:00:12,v2.5,logs/rsl_rl/kbot_forward_flat/2026-05-09_01-00-12_v2_5_gait_quality_continue_from_648,53
R157,2026-05-09 00:16:45,v2.5,logs/rsl_rl/kbot_forward_flat/2026-05-09_00-16-45_v2_5_pose_gait_quality_from_v2_5_349_fsep_ksep,53
R158,2026-05-09 00:07:27,v2.5,logs/rsl_rl/kbot_forward_flat/2026-05-09_00-07-27_v2_5_pose_forward_width_heading_guard_from_zero_fsep_ksep,52
R159,2026-05-09 00:01:36,v2.5,logs/rsl_rl/kbot_forward_flat/2026-05-09_00-01-36_v2_5_pose_forward_width_guard_from_zero_fsep_ksep,52
R160,2026-05-08 23:55:48,v2.5,logs/rsl_rl/kbot_forward_flat/2026-05-08_23-55-48_v2_5_pose_forward_reward_fall_guard_from_zero_fsep_ksep,52
R161,2026-05-08 23:48:51,v2.5,logs/rsl_rl/kbot_forward_flat/2026-05-08_23-48-51_v2_5_pose_world_forward_fall_guard_from_zero_fsep_ksep,51
R162,2026-05-08 23:44:10,v2.5,logs/rsl_rl/kbot_forward_flat/2026-05-08_23-44-10_v2_5_config_startup_check,51
R163,2026-05-08 23:38:01,v2.5,logs/rsl_rl/kbot_forward_flat/2026-05-08_23-38-01_v2_5_pose_world_forward_first_steps_from_zero_fsep_ksep,51
R164,2026-05-08 23:31:19,v2.5,logs/rsl_rl/kbot_forward_flat/2026-05-08_23-31-19_v2_5_pose_first_steps_stronger_from_zero_fsep_ksep,50
R165,2026-05-08 23:20:24,v2.5,logs/rsl_rl/kbot_forward_flat/2026-05-08_23-20-24_v2_5_pose_first_steps_from_zero_fsep_ksep,50
R166,2026-05-08 23:15:38,v2.5,logs/rsl_rl/kbot_forward_flat/2026-05-08_23-15-38_v2_5_pose_width_bootstrap_from_zero_improve_fsep_ksep,50
R167,2026-05-08 12:35:11,v2,logs/rsl_rl/kbot_forward_flat/2026-05-08_12-35-11_v2_4_pose_bootstrap_from_zero_settled_fsep_ksep,50
R168,2026-05-08 04:08:49,v2,logs/rsl_rl/kbot_forward_flat/2026-05-08_04-08-49_v2_3_hip_axis_posture_cleanup_from_2297,44
R169,2026-05-08 04:01:18,v2,logs/rsl_rl/kbot_forward_flat/2026-05-08_04-01-18_v2_3_gait_transition_continue_from_1798_sepfix,43
R170,2026-05-08 03:52:45,v2,logs/rsl_rl/kbot_forward_flat/2026-05-08_03-52-45_v2_3_gait_transition_from_1299_sepfix,43
R171,2026-05-08 03:41:49,v2,logs/rsl_rl/kbot_forward_flat/2026-05-08_03-41-49_v2_3_bootstrap_from_zero_sepfix,43
R172,2026-05-08 02:30:58,v2,logs/rsl_rl/kbot_forward_flat/2026-05-08_02-30-58_v2_2_hip_axis_width_cleanup_from_3200,44
R173,2026-05-08 02:26:16,v2,logs/rsl_rl/kbot_forward_flat/2026-05-08_02-26-16_v2_2_cadence_length_cleanup_from_3200,44
R174,2026-05-08 02:16:23,v2,logs/rsl_rl/kbot_forward_flat/2026-05-08_02-16-23_v2_2_step_length_cleanup_from_3200,44
R175,2026-05-07 02:53:20,v2,logs/rsl_rl/kbot_forward_flat/2026-05-07_02-53-20_v2_2_lateral_cleanup_policy_only_finetune_from_3195,44
R176,2026-05-07 02:42:55,v2,logs/rsl_rl/kbot_forward_flat/2026-05-07_02-42-55_v2_2_lateral_cleanup_continue_from_3195,44
R177,2026-05-07 02:41:34,v2,logs/rsl_rl/kbot_forward_flat/2026-05-07_02-41-34_v2_2_hip_contact_cleanup_from_3195,46
R178,2026-05-07 02:05:02,v2,logs/rsl_rl/kbot_forward_flat/2026-05-07_02-05-02_v2_2_lateral_cleanup_from_2796,44
R179,2026-05-07 01:30:59,v2,logs/rsl_rl/kbot_forward_flat/2026-05-07_01-30-59_v2_2_yaw_lateral_transition_from_2297,43
R180,2026-05-07 01:24:17,v2,logs/rsl_rl/kbot_forward_flat/2026-05-07_01-24-17_v2_2_yaw_lateral_transition_from_1798,43
R181,2026-05-07 01:01:30,v2,logs/rsl_rl/kbot_forward_flat/2026-05-07_01-01-30_v2_2_gait_transition_from_1299,43
R182,2026-05-07 00:36:13,v2,logs/rsl_rl/kbot_forward_flat/2026-05-07_00-36-13_v2_2_bootstrap_from_zero_known_recipe,43
R183,2026-05-06 23:49:21,v2,logs/rsl_rl/kbot_forward_flat/2026-05-06_23-49-21_v2_1_full_v2_from_zero_equal_lr,49
R184,2026-05-06 23:36:57,v2,logs/rsl_rl/kbot_forward_flat/2026-05-06_23-36-57_v2_1_gait_equal_lr_from_1299,49
R185,2026-05-06 23:25:25,v2,logs/rsl_rl/kbot_forward_flat/2026-05-06_23-25-25_v2_1_bootstrap_equal_lr_frontal,43
R186,2026-05-05 23:54:37,v2,logs/rsl_rl/kbot_forward_flat/2026-05-05_23-54-37_v2_reboot_gait_hip_axis_offsets_from_1299,49
R187,2026-05-05 23:43:35,v2,logs/rsl_rl/kbot_forward_flat/2026-05-05_23-43-35_v2_reboot_bootstrap_hip_axis_offsets,43
R188,2026-05-05 23:12:21,v2,logs/rsl_rl/kbot_forward_flat/2026-05-05_23-12-21_v2_scratch_hip_axis_sole_lane_3000,49
R189,2026-05-05 23:02:18,,logs/rsl_rl/kbot_forward_flat/2026-05-05_23-02-18_hip_axis_sole_lane_from_2795,49
R190,2026-05-04 20:45:25,,logs/rsl_rl/kbot_forward_flat/2026-05-04_20-45-25,49
R191,2026-05-04 19:18:03,,logs/rsl_rl/kbot_forward_flat/2026-05-04_19-18-03,49
R192,2026-05-04 19:07:44,,logs/rsl_rl/kbot_forward_flat/2026-05-04_19-07-44,49
R193,2026-05-04 16:46:50,,logs/rsl_rl/kbot_forward_flat/2026-05-04_16-46-50,46
R194,2026-05-04 16:40:24,,logs/rsl_rl/kbot_forward_flat/2026-05-04_16-40-24,46
R195,2026-05-04 16:37:58,,logs/rsl_rl/kbot_forward_flat/2026-05-04_16-37-58,46
R196,2026-05-04 15:59:46,,logs/rsl_rl/kbot_forward_flat/2026-05-04_15-59-46,46
R197,2026-05-04 14:20:49,,logs/rsl_rl/kbot_forward_flat/2026-05-04_14-20-49,45
R198,2026-05-04 07:41:32,,logs/rsl_rl/kbot_forward_flat/2026-05-04_07-41-32,43
R199,2026-05-04 07:38:30,,logs/rsl_rl/kbot_forward_flat/2026-05-04_07-38-30,43
R200,2026-05-04 07:36:27,,logs/rsl_rl/kbot_forward_flat/2026-05-04_07-36-27,44
R201,2026-05-04 07:35:00,,logs/rsl_rl/kbot_forward_flat/2026-05-04_07-35-00,44
R202,2026-05-04 07:30:33,,logs/rsl_rl/kbot_forward_flat/2026-05-04_07-30-33,46
R203,2026-05-04 07:22:33,,logs/rsl_rl/kbot_forward_flat/2026-05-04_07-22-33,43
R204,2026-05-04 07:00:30,,logs/rsl_rl/kbot_forward_flat/2026-05-04_07-00-30,45
R205,2026-05-04 06:53:21,,logs/rsl_rl/kbot_forward_flat/2026-05-04_06-53-21,45
R206,2026-05-04 06:52:07,,logs/rsl_rl/kbot_forward_flat/2026-05-04_06-52-07,45
R207,2026-05-04 06:50:54,,logs/rsl_rl/kbot_forward_flat/2026-05-04_06-50-54,45
R208,2026-05-04 06:44:54,,logs/rsl_rl/kbot_forward_flat/2026-05-04_06-44-54,45
R209,2026-05-04 06:43:32,,logs/rsl_rl/kbot_forward_flat/2026-05-04_06-43-32,45
R210,2026-05-04 05:31:04,,logs/rsl_rl/kbot_forward_flat/2026-05-04_05-31-04,45
R211,2026-05-04 05:11:03,,logs/rsl_rl/kbot_forward_flat/2026-05-04_05-11-03,45
R212,2026-05-02 04:18:19,,logs/rsl_rl/kbot_forward_flat/2026-05-02_04-18-19,44
R213,2026-04-29 07:58:47,,logs/rsl_rl/kbot_forward_flat/2026-04-29_07-58-47,43
R214,2026-04-29 06:29:05,,logs/rsl_rl/kbot_forward_flat/2026-04-29_06-29-05,43
R215,2026-04-27 17:46:04,,logs/rsl_rl/kbot_forward_flat/2026-04-27_17-46-04,43
R216,2026-04-27 17:42:57,,logs/rsl_rl/kbot_forward_flat/2026-04-27_17-42-57,43
R217,2026-04-27 11:12:07,,logs/rsl_rl/kbot_forward_flat/2026-04-27_11-12-07,41
R218,2026-04-27 11:09:21,,logs/rsl_rl/kbot_forward_flat/2026-04-27_11-09-21,41
R219,2026-04-27 04:28:53,,logs/rsl_rl/kbot_forward_flat/2026-04-27_04-28-53,40
R220,2026-04-27 04:25:25,,logs/rsl_rl/kbot_forward_flat/2026-04-27_04-25-25,40
R221,2026-04-27 04:21:18,,logs/rsl_rl/kbot_forward_flat/2026-04-27_04-21-18,40
R222,2026-04-27 04:15:45,,logs/rsl_rl/kbot_forward_flat/2026-04-27_04-15-45,40
R223,2026-04-27 04:11:47,,logs/rsl_rl/kbot_forward_flat/2026-04-27_04-11-47,40
R224,2026-04-27 04:06:27,,logs/rsl_rl/kbot_forward_flat/2026-04-27_04-06-27,40
R225,2026-04-27 03:46:31,,logs/rsl_rl/kbot_forward_flat/2026-04-27_03-46-31,40
R226,2026-04-27 01:57:15,,logs/rsl_rl/kbot_forward_flat/2026-04-27_01-57-15,40
R227,2026-04-27 01:50:43,,logs/rsl_rl/kbot_forward_flat/2026-04-27_01-50-43,40
R228,2026-04-26 21:22:06,,logs/rsl_rl/kbot_forward_flat/2026-04-26_21-22-06,40
R229,2026-04-26 21:11:00,,logs/rsl_rl/kbot_forward_flat/2026-04-26_21-11-00,39
R230,2026-04-26 20:29:08,,logs/rsl_rl/kbot_forward_flat/2026-04-26_20-29-08,38
R231,2026-04-26 19:50:15,,logs/rsl_rl/kbot_forward_flat/2026-04-26_19-50-15,36
R232,2026-04-26 19:42:47,,logs/rsl_rl/kbot_forward_flat/2026-04-26_19-42-47,36
R233,2026-04-26 19:34:50,,logs/rsl_rl/kbot_forward_flat/2026-04-26_19-34-50,36
R234,2026-04-26 19:12:04,,logs/rsl_rl/kbot_forward_flat/2026-04-26_19-12-04,33
R235,2026-04-26 18:35:51,,logs/rsl_rl/kbot_forward_flat/2026-04-26_18-35-51,33
R236,2026-04-26 17:54:49,,logs/rsl_rl/kbot_forward_flat/2026-04-26_17-54-49,31
R237,2026-04-26 04:50:38,,logs/rsl_rl/kbot_forward_flat/2026-04-26_04-50-38,30
R238,2026-04-26 04:38:23,,logs/rsl_rl/kbot_forward_flat/2026-04-26_04-38-23,30
R239,2026-04-26 03:53:29,,logs/rsl_rl/kbot_forward_flat/2026-04-26_03-53-29,29
R240,2026-04-26 03:42:10,,logs/rsl_rl/kbot_forward_flat/2026-04-26_03-42-10,29
R241,2026-04-26 03:27:17,,logs/rsl_rl/kbot_forward_flat/2026-04-26_03-27-17,28
R242,2026-04-26 03:21:49,,logs/rsl_rl/kbot_forward_flat/2026-04-26_03-21-49,28
R243,2026-04-26 02:52:06,,logs/rsl_rl/kbot_forward_flat/2026-04-26_02-52-06,26
R244,2026-04-26 02:45:50,,logs/rsl_rl/kbot_forward_flat/2026-04-26_02-45-50,26
R245,2026-04-26 02:15:34,,logs/rsl_rl/kbot_forward_flat/2026-04-26_02-15-34,23
R246,2026-04-26 02:10:12,,logs/rsl_rl/kbot_forward_flat/2026-04-26_02-10-12,23
R247,2026-04-26 01:38:53,,logs/rsl_rl/kbot_forward_flat/2026-04-26_01-38-53,19
R248,2026-04-25 21:42:41,,logs/rsl_rl/kbot_forward_flat/2026-04-25_21-42-41,19
R249,2026-04-25 21:41:29,,logs/rsl_rl/kbot_forward_flat/2026-04-25_21-41-29,19
R250,2026-04-25 21:39:59,,logs/rsl_rl/kbot_forward_flat/2026-04-25_21-39-59,19
R251,2026-04-25 21:30:30,,logs/rsl_rl/kbot_forward_flat/2026-04-25_21-30-30,19
R252,2026-04-25 21:25:06,,logs/rsl_rl/kbot_forward_flat/2026-04-25_21-25-06,19
R253,2026-04-25 21:23:56,,logs/rsl_rl/kbot_forward_flat/2026-04-25_21-23-56,19
R254,2026-04-25 21:14:30,,logs/rsl_rl/kbot_forward_flat/2026-04-25_21-14-30,19
R255,2026-04-25 21:13:33,,logs/rsl_rl/kbot_forward_flat/2026-04-25_21-13-33,19
R256,2026-04-25 21:12:29,,logs/rsl_rl/kbot_forward_flat/2026-04-25_21-12-29,19
R257,2026-04-25 21:07:49,,logs/rsl_rl/kbot_forward_flat/2026-04-25_21-07-49,19
R258,2026-04-25 21:06:35,,logs/rsl_rl/kbot_forward_flat/2026-04-25_21-06-35,19
R259,2026-04-25 20:57:24,,logs/rsl_rl/kbot_forward_flat/2026-04-25_20-57-24,18
R260,2026-04-25 20:55:31,,logs/rsl_rl/kbot_forward_flat/2026-04-25_20-55-31,17
R261,2026-04-25 20:53:45,,logs/rsl_rl/kbot_forward_flat/2026-04-25_20-53-45,17
R262,2026-04-25 20:35:49,,logs/rsl_rl/kbot_forward_flat/2026-04-25_20-35-49,17
R263,2026-04-25 20:35:11,,logs/rsl_rl/kbot_forward_flat/2026-04-25_20-35-11,17
R264,2026-04-25 20:34:13,,logs/rsl_rl/kbot_forward_flat/2026-04-25_20-34-13,16
R265,2026-04-25 20:33:13,,logs/rsl_rl/kbot_forward_flat/2026-04-25_20-33-13,16
R266,2026-04-25 20:32:51,,logs/rsl_rl/kbot_forward_flat/2026-04-25_20-32-51,16
R267,2026-04-25 20:32:07,,logs/rsl_rl/kbot_forward_flat/2026-04-25_20-32-07,16
R268,2026-04-25 20:30:57,,logs/rsl_rl/kbot_forward_flat/2026-04-25_20-30-57,16
R269,2026-04-25 20:29:43,,logs/rsl_rl/kbot_forward_flat/2026-04-25_20-29-43,16
R270,2026-04-25 19:54:27,,logs/rsl_rl/kbot_forward_flat/2026-04-25_19-54-27,15
R271,2026-04-25 19:46:38,,logs/rsl_rl/kbot_forward_flat/2026-04-25_19-46-38,15
